model,accuracy,precision,recall
MLPClassifier,0.7782489795918361,0.8129229104229103,0.787547619047619
DL model,0.986,0.9889550264550264,0.9880952380952381
