model,accuracy,precision,recall
SVM,0.8800574712643676,0.8895279103612436,0.8808584656084655
DL model,0.9879310344827588,0.9919312169312169,0.9880952380952381
